{
  "Entries": [
    {
      "RequestUri": "https://REDACTED/availablePhoneNumbers/countries/US/localities?api-version=2024-03-01-preview",
      "RequestMethod": "GET",
      "RequestHeaders": {
        "Accept": "application/json",
        "Authorization": "Sanitized",
        "Content-Length": "0",
        "User-Agent": "azsdk-java-azure-communication-phonenumbers/1.2.0-beta.2 (20.0.1; Windows 11; 10.0)",
        "x-ms-client-request-id": "f36a3f9f-7b26-43ed-96ee-f958b6e8e175"
      },
      "RequestBody": null,
      "StatusCode": 200,
      "ResponseHeaders": {
        "api-supported-versions": "2022-12-01, 2022-12-02-preview2, 2023-05-01-preview, 2023-10-01-preview, 2024-01-31-preview, 2024-03-01-preview, 2024-08-31-preview",
        "Cache-Control": "max-age=21600, private, stale-while-revalidate=86400",
        "Content-Length": "10219",
        "Content-Type": "application/json; charset=utf-8",
        "Date": "Thu, 14 Mar 2024 20:30:28 GMT",
        "MS-CV": "65ok0QV9nk2IBObNzh3zpg.0",
        "Strict-Transport-Security": "max-age=31536000;includeSubDomains",
        "X-Azure-Ref": "0ZF7zZQAAAABPBKX4\u002BdTZQJ0baR2A6ejPV1NURURHRTAxMDkAOWZjN2I1MTktYThjYy00Zjg5LTkzNWUtYzkxNDhhZTA5ZTgx",
        "X-Cache": "CONFIG_NOCACHE",
        "X-Processing-Time": "646ms"
      },
      "ResponseBody": {
        "phoneNumberLocalities": [
          {
            "localizedName": "Anchorage",
            "administrativeDivision": {
              "localizedName": "AK",
              "abbreviatedName": "AK"
            }
          },
          {
            "localizedName": "Birmingham",
            "administrativeDivision": {
              "localizedName": "AL",
              "abbreviatedName": "AL"
            }
          },
          {
            "localizedName": "Huntsville",
            "administrativeDivision": {
              "localizedName": "AL",
              "abbreviatedName": "AL"
            }
          },
          {
            "localizedName": "Mobile",
            "administrativeDivision": {
              "localizedName": "AL",
              "abbreviatedName": "AL"
            }
          },
          {
            "localizedName": "Montgomery",
            "administrativeDivision": {
              "localizedName": "AL",
              "abbreviatedName": "AL"
            }
          },
          {
            "localizedName": "Fort Smith",
            "administrativeDivision": {
              "localizedName": "AR",
              "abbreviatedName": "AR"
            }
          },
          {
            "localizedName": "Jonesboro",
            "administrativeDivision": {
              "localizedName": "AR",
              "abbreviatedName": "AR"
            }
          },
          {
            "localizedName": "Little Rock",
            "administrativeDivision": {
              "localizedName": "AR",
              "abbreviatedName": "AR"
            }
          },
          {
            "localizedName": "Phoenix",
            "administrativeDivision": {
              "localizedName": "AZ",
              "abbreviatedName": "AZ"
            }
          },
          {
            "localizedName": "Burbank",
            "administrativeDivision": {
              "localizedName": "CA",
              "abbreviatedName": "CA"
            }
          },
          {
            "localizedName": "Concord",
            "administrativeDivision": {
              "localizedName": "CA",
              "abbreviatedName": "CA"
            }
          },
          {
            "localizedName": "Escondido",
            "administrativeDivision": {
              "localizedName": "CA",
              "abbreviatedName": "CA"
            }
          },
          {
            "localizedName": "Fresno",
            "administrativeDivision": {
              "localizedName": "CA",
              "abbreviatedName": "CA"
            }
          },
          {
            "localizedName": "Los Angeles",
            "administrativeDivision": {
              "localizedName": "CA",
              "abbreviatedName": "CA"
            }
          },
          {
            "localizedName": "Riverside",
            "administrativeDivision": {
              "localizedName": "CA",
              "abbreviatedName": "CA"
            }
          },
          {
            "localizedName": "Sacramento",
            "administrativeDivision": {
              "localizedName": "CA",
              "abbreviatedName": "CA"
            }
          },
          {
            "localizedName": "Salinas",
            "administrativeDivision": {
              "localizedName": "CA",
              "abbreviatedName": "CA"
            }
          },
          {
            "localizedName": "San Diego",
            "administrativeDivision": {
              "localizedName": "CA",
              "abbreviatedName": "CA"
            }
          },
          {
            "localizedName": "San Francisco",
            "administrativeDivision": {
              "localizedName": "CA",
              "abbreviatedName": "CA"
            }
          },
          {
            "localizedName": "San Jose",
            "administrativeDivision": {
              "localizedName": "CA",
              "abbreviatedName": "CA"
            }
          },
          {
            "localizedName": "Santa Barbara",
            "administrativeDivision": {
              "localizedName": "CA",
              "abbreviatedName": "CA"
            }
          },
          {
            "localizedName": "Santa Clarita",
            "administrativeDivision": {
              "localizedName": "CA",
              "abbreviatedName": "CA"
            }
          },
          {
            "localizedName": "Santa Rosa",
            "administrativeDivision": {
              "localizedName": "CA",
              "abbreviatedName": "CA"
            }
          },
          {
            "localizedName": "Stockton",
            "administrativeDivision": {
              "localizedName": "CA",
              "abbreviatedName": "CA"
            }
          },
          {
            "localizedName": "Truckee",
            "administrativeDivision": {
              "localizedName": "CA",
              "abbreviatedName": "CA"
            }
          },
          {
            "localizedName": "Washington DC",
            "administrativeDivision": {
              "localizedName": "CL",
              "abbreviatedName": "CL"
            }
          },
          {
            "localizedName": "Denver",
            "administrativeDivision": {
              "localizedName": "CO",
              "abbreviatedName": "CO"
            }
          },
          {
            "localizedName": "Grand Junction",
            "administrativeDivision": {
              "localizedName": "CO",
              "abbreviatedName": "CO"
            }
          },
          {
            "localizedName": "Pueblo",
            "administrativeDivision": {
              "localizedName": "CO",
              "abbreviatedName": "CO"
            }
          },
          {
            "localizedName": "Bridgeport",
            "administrativeDivision": {
              "localizedName": "CT",
              "abbreviatedName": "CT"
            }
          },
          {
            "localizedName": "Hartford",
            "administrativeDivision": {
              "localizedName": "CT",
              "abbreviatedName": "CT"
            }
          },
          {
            "localizedName": "Wilmington",
            "administrativeDivision": {
              "localizedName": "DE",
              "abbreviatedName": "DE"
            }
          },
          {
            "localizedName": "Daytona Beach",
            "administrativeDivision": {
              "localizedName": "FL",
              "abbreviatedName": "FL"
            }
          },
          {
            "localizedName": "Fort Lauderdale",
            "administrativeDivision": {
              "localizedName": "FL",
              "abbreviatedName": "FL"
            }
          },
          {
            "localizedName": "Gainesville",
            "administrativeDivision": {
              "localizedName": "FL",
              "abbreviatedName": "FL"
            }
          },
          {
            "localizedName": "Jacksonville",
            "administrativeDivision": {
              "localizedName": "FL",
              "abbreviatedName": "FL"
            }
          },
          {
            "localizedName": "Lakeland",
            "administrativeDivision": {
              "localizedName": "FL",
              "abbreviatedName": "FL"
            }
          },
          {
            "localizedName": "Miami",
            "administrativeDivision": {
              "localizedName": "FL",
              "abbreviatedName": "FL"
            }
          },
          {
            "localizedName": "Orlando",
            "administrativeDivision": {
              "localizedName": "FL",
              "abbreviatedName": "FL"
            }
          },
          {
            "localizedName": "Sarasota",
            "administrativeDivision": {
              "localizedName": "FL",
              "abbreviatedName": "FL"
            }
          },
          {
            "localizedName": "Tallahassee",
            "administrativeDivision": {
              "localizedName": "FL",
              "abbreviatedName": "FL"
            }
          },
          {
            "localizedName": "West Palm Beach",
            "administrativeDivision": {
              "localizedName": "FL",
              "abbreviatedName": "FL"
            }
          },
          {
            "localizedName": "Albany",
            "administrativeDivision": {
              "localizedName": "GA",
              "abbreviatedName": "GA"
            }
          },
          {
            "localizedName": "Atlanta",
            "administrativeDivision": {
              "localizedName": "GA",
              "abbreviatedName": "GA"
            }
          },
          {
            "localizedName": "Augusta",
            "administrativeDivision": {
              "localizedName": "GA",
              "abbreviatedName": "GA"
            }
          },
          {
            "localizedName": "Macon",
            "administrativeDivision": {
              "localizedName": "GA",
              "abbreviatedName": "GA"
            }
          },
          {
            "localizedName": "Savannah",
            "administrativeDivision": {
              "localizedName": "GA",
              "abbreviatedName": "GA"
            }
          },
          {
            "localizedName": "Honolulu",
            "administrativeDivision": {
              "localizedName": "HI",
              "abbreviatedName": "HI"
            }
          },
          {
            "localizedName": "Cedar Rapids",
            "administrativeDivision": {
              "localizedName": "IA",
              "abbreviatedName": "IA"
            }
          },
          {
            "localizedName": "Davenport",
            "administrativeDivision": {
              "localizedName": "IA",
              "abbreviatedName": "IA"
            }
          },
          {
            "localizedName": "Mason City",
            "administrativeDivision": {
              "localizedName": "IA",
              "abbreviatedName": "IA"
            }
          },
          {
            "localizedName": "Sioux City",
            "administrativeDivision": {
              "localizedName": "IA",
              "abbreviatedName": "IA"
            }
          },
          {
            "localizedName": "Boise",
            "administrativeDivision": {
              "localizedName": "ID",
              "abbreviatedName": "ID"
            }
          },
          {
            "localizedName": "Alton",
            "administrativeDivision": {
              "localizedName": "IL",
              "abbreviatedName": "IL"
            }
          },
          {
            "localizedName": "Aurora",
            "administrativeDivision": {
              "localizedName": "IL",
              "abbreviatedName": "IL"
            }
          },
          {
            "localizedName": "Bloomington",
            "administrativeDivision": {
              "localizedName": "IL",
              "abbreviatedName": "IL"
            }
          },
          {
            "localizedName": "Champaign",
            "administrativeDivision": {
              "localizedName": "IL",
              "abbreviatedName": "IL"
            }
          },
          {
            "localizedName": "Chicago",
            "administrativeDivision": {
              "localizedName": "IL",
              "abbreviatedName": "IL"
            }
          },
          {
            "localizedName": "Cicero",
            "administrativeDivision": {
              "localizedName": "IL",
              "abbreviatedName": "IL"
            }
          },
          {
            "localizedName": "Rock Island",
            "administrativeDivision": {
              "localizedName": "IL",
              "abbreviatedName": "IL"
            }
          },
          {
            "localizedName": "Rockford",
            "administrativeDivision": {
              "localizedName": "IL",
              "abbreviatedName": "IL"
            }
          },
          {
            "localizedName": "Waukegan",
            "administrativeDivision": {
              "localizedName": "IL",
              "abbreviatedName": "IL"
            }
          },
          {
            "localizedName": "Evansville",
            "administrativeDivision": {
              "localizedName": "IN",
              "abbreviatedName": "IN"
            }
          },
          {
            "localizedName": "Fort Wayne",
            "administrativeDivision": {
              "localizedName": "IN",
              "abbreviatedName": "IN"
            }
          },
          {
            "localizedName": "Gary",
            "administrativeDivision": {
              "localizedName": "IN",
              "abbreviatedName": "IN"
            }
          },
          {
            "localizedName": "Indianapolis",
            "administrativeDivision": {
              "localizedName": "IN",
              "abbreviatedName": "IN"
            }
          },
          {
            "localizedName": "South Bend",
            "administrativeDivision": {
              "localizedName": "IN",
              "abbreviatedName": "IN"
            }
          },
          {
            "localizedName": "Kansas City",
            "administrativeDivision": {
              "localizedName": "KS",
              "abbreviatedName": "KS"
            }
          },
          {
            "localizedName": "Topeka",
            "administrativeDivision": {
              "localizedName": "KS",
              "abbreviatedName": "KS"
            }
          },
          {
            "localizedName": "Wichita",
            "administrativeDivision": {
              "localizedName": "KS",
              "abbreviatedName": "KS"
            }
          },
          {
            "localizedName": "Ashland",
            "administrativeDivision": {
              "localizedName": "KY",
              "abbreviatedName": "KY"
            }
          },
          {
            "localizedName": "Lexington",
            "administrativeDivision": {
              "localizedName": "KY",
              "abbreviatedName": "KY"
            }
          },
          {
            "localizedName": "Louisville",
            "administrativeDivision": {
              "localizedName": "KY",
              "abbreviatedName": "KY"
            }
          },
          {
            "localizedName": "Owensboro",
            "administrativeDivision": {
              "localizedName": "KY",
              "abbreviatedName": "KY"
            }
          },
          {
            "localizedName": "Baton Rouge",
            "administrativeDivision": {
              "localizedName": "LA",
              "abbreviatedName": "LA"
            }
          },
          {
            "localizedName": "Lafayette",
            "administrativeDivision": {
              "localizedName": "LA",
              "abbreviatedName": "LA"
            }
          },
          {
            "localizedName": "New Orleans",
            "administrativeDivision": {
              "localizedName": "LA",
              "abbreviatedName": "LA"
            }
          },
          {
            "localizedName": "Shreveport",
            "administrativeDivision": {
              "localizedName": "LA",
              "abbreviatedName": "LA"
            }
          },
          {
            "localizedName": "Boston",
            "administrativeDivision": {
              "localizedName": "MA",
              "abbreviatedName": "MA"
            }
          },
          {
            "localizedName": "Chicopee",
            "administrativeDivision": {
              "localizedName": "MA",
              "abbreviatedName": "MA"
            }
          },
          {
            "localizedName": "Lowell",
            "administrativeDivision": {
              "localizedName": "MA",
              "abbreviatedName": "MA"
            }
          },
          {
            "localizedName": "Lynn",
            "administrativeDivision": {
              "localizedName": "MA",
              "abbreviatedName": "MA"
            }
          },
          {
            "localizedName": "Worcester",
            "administrativeDivision": {
              "localizedName": "MA",
              "abbreviatedName": "MA"
            }
          },
          {
            "localizedName": "Baltimore",
            "administrativeDivision": {
              "localizedName": "MD",
              "abbreviatedName": "MD"
            }
          },
          {
            "localizedName": "Bethesda",
            "administrativeDivision": {
              "localizedName": "MD",
              "abbreviatedName": "MD"
            }
          },
          {
            "localizedName": "Silver Spring",
            "administrativeDivision": {
              "localizedName": "MD",
              "abbreviatedName": "MD"
            }
          },
          {
            "localizedName": "Portland",
            "administrativeDivision": {
              "localizedName": "ME",
              "abbreviatedName": "ME"
            }
          },
          {
            "localizedName": "Ann Arbor",
            "administrativeDivision": {
              "localizedName": "MI",
              "abbreviatedName": "MI"
            }
          },
          {
            "localizedName": "Detroit",
            "administrativeDivision": {
              "localizedName": "MI",
              "abbreviatedName": "MI"
            }
          },
          {
            "localizedName": "Flint",
            "administrativeDivision": {
              "localizedName": "MI",
              "abbreviatedName": "MI"
            }
          },
          {
            "localizedName": "Grand Rapids",
            "administrativeDivision": {
              "localizedName": "MI",
              "abbreviatedName": "MI"
            }
          },
          {
            "localizedName": "Grant",
            "administrativeDivision": {
              "localizedName": "MI",
              "abbreviatedName": "MI"
            }
          },
          {
            "localizedName": "Lansing",
            "administrativeDivision": {
              "localizedName": "MI",
              "abbreviatedName": "MI"
            }
          },
          {
            "localizedName": "Otsego",
            "administrativeDivision": {
              "localizedName": "MI",
              "abbreviatedName": "MI"
            }
          },
          {
            "localizedName": "Pontiac",
            "administrativeDivision": {
              "localizedName": "MI",
              "abbreviatedName": "MI"
            }
          },
          {
            "localizedName": "Saginaw",
            "administrativeDivision": {
              "localizedName": "MI",
              "abbreviatedName": "MI"
            }
          },
          {
            "localizedName": "Sault Ste Marie",
            "administrativeDivision": {
              "localizedName": "MI",
              "abbreviatedName": "MI"
            }
          },
          {
            "localizedName": "Troy",
            "administrativeDivision": {
              "localizedName": "MI",
              "abbreviatedName": "MI"
            }
          },
          {
            "localizedName": "Warren",
            "administrativeDivision": {
              "localizedName": "MI",
              "abbreviatedName": "MI"
            }
          },
          {
            "localizedName": "Alexandria",
            "administrativeDivision": {
              "localizedName": "MN",
              "abbreviatedName": "MN"
            }
          }
        ],
        "nextLink": "/availablePhoneNumbers/countries/US/localities?api-version=2024-03-01-preview\u0026skip=100\u0026maxPageSize=100"
      }
    }
  ],
  "Variables": {}
}
